{
  "IcoMoonType": "selection",
  "icons": [
    {
      "icon": {
        "paths": [
          "M494.432 451.392c-25.056-30.4-37.664-67.712-37.664-105.024 0-138.368 165.792-276.544 331.584-276.544 91.52 0 165.792 74.272 165.792 165.824 0 165.824-138.144 331.648-276.672 331.648-37.312 0-74.624-12.608-104.992-37.664l-408.256 408.352c-21.6 21.6-56.64 21.6-78.24 0s-21.6-56.672 0-78.24l408.448-408.352z"
        ],
        "attrs": [
          {
            "fill": "rgb(253, 146, 34)"
          }
        ],
        "isMulticolor": false,
        "isMulticolor2": false,
        "grid": 0,
        "tags": [
          "spoon"
        ],
        "colorPermutations": {
          "12522412241253146341": [
            {
              "f": 1
            }
          ]
        }
      },
      "attrs": [
        {
          "fill": "rgb(253, 146, 34)"
        }
      ],
      "properties": {
        "order": 48,
        "id": 10,
        "name": "spoon",
        "prevSize": 32
      },
      "setIdx": 0,
      "setId": 9,
      "iconIdx": 0
    },
    {
      "icon": {
        "paths": [
          "M938.656 252.736c-31.744 13.92-65.536 23.136-100.8 27.616 36.256-21.664 63.936-55.68 76.96-96.704-33.824 20.16-71.136 34.4-110.944 42.336-32.096-34.176-77.856-55.36-127.776-55.36-96.864 0-174.816 78.624-174.816 174.976 0 13.856 1.184 27.2 4.064 39.904-145.44-7.104-274.144-76.8-360.576-182.976-15.104 26.176-23.936 56.16-23.936 88.416 0 60.576 31.2 114.304 77.696 145.376-28.096-0.544-55.68-8.704-79.040-21.536 0 0.544 0 1.216 0 1.92 0 85.024 60.64 155.616 140.16 171.904-14.24 3.904-29.76 5.76-45.856 5.76-11.2 0-22.496-0.64-33.12-2.976 22.656 69.28 86.976 120.224 163.456 121.856-59.52 46.56-135.104 74.624-216.896 74.624-14.336 0-28.096-0.64-41.856-2.4 77.504 49.984 169.344 78.496 268.384 78.496 321.92 0 497.92-266.656 497.92-497.824 0-7.744-0.256-15.2-0.64-22.624 34.72-24.64 63.904-55.424 87.68-90.816z"
        ],
        "attrs": [
          {}
        ],
        "isMulticolor": false,
        "isMulticolor2": false,
        "grid": 0,
        "tags": [
          "twitter"
        ],
        "colorPermutations": {
          "12522412241253146341": [
            {}
          ]
        }
      },
      "attrs": [
        {}
      ],
      "properties": {
        "order": 49,
        "id": 9,
        "name": "twitter",
        "prevSize": 32
      },
      "setIdx": 0,
      "setId": 9,
      "iconIdx": 1
    },
    {
      "icon": {
        "paths": [
          "M853.344 896v-85.344c0-45.28-17.984-88.672-49.984-120.672s-75.424-49.984-120.672-49.984h-341.344c-45.28 0-88.672 17.984-120.672 49.984s-49.984 75.424-49.984 120.672v85.344",
          "M512 469.344c94.24 0 170.656-76.416 170.656-170.656s-76.416-170.656-170.656-170.656c-94.272 0-170.656 76.416-170.656 170.656s76.416 170.656 170.656 170.656z"
        ],
        "attrs": [
          {
            "fill": "none",
            "strokeLinejoin": "round",
            "strokeLinecap": "round",
            "strokeMiterlimit": "4",
            "strokeWidth": 85.3344
          },
          {
            "fill": "none",
            "strokeLinejoin": "round",
            "strokeLinecap": "round",
            "strokeMiterlimit": "4",
            "strokeWidth": 85.3344
          }
        ],
        "isMulticolor": false,
        "isMulticolor2": false,
        "grid": 0,
        "tags": [
          "user"
        ],
        "colorPermutations": {
          "12522412241253146341": [
            {},
            {}
          ]
        }
      },
      "attrs": [
        {
          "fill": "none",
          "strokeLinejoin": "round",
          "strokeLinecap": "round",
          "strokeMiterlimit": "4",
          "strokeWidth": 85.3344
        },
        {
          "fill": "none",
          "strokeLinejoin": "round",
          "strokeLinecap": "round",
          "strokeMiterlimit": "4",
          "strokeWidth": 85.3344
        }
      ],
      "properties": {
        "order": 50,
        "id": 8,
        "name": "user",
        "prevSize": 32
      },
      "setIdx": 0,
      "setId": 9,
      "iconIdx": 2
    },
    {
      "icon": {
        "paths": [
          "M938.656 721.92v128c0.032 11.872-2.4 23.648-7.136 34.528s-11.744 20.672-20.512 28.704c-8.768 8.032-19.104 14.144-30.336 17.952s-23.2 5.216-35.008 4.16c-131.296-14.272-257.408-59.136-368.224-130.976-103.104-65.504-190.496-152.896-256-256-72.096-111.296-116.992-238.048-130.976-369.92-1.056-11.808 0.32-23.68 4.128-34.912s9.856-21.536 17.856-30.304c8-8.736 17.696-15.744 28.544-20.512s22.56-7.264 34.4-7.264h128c20.704-0.192 40.768 7.136 56.48 20.64s25.952 32.256 28.864 52.768c5.408 40.96 15.424 81.184 29.856 119.904 5.728 15.264 6.976 31.872 3.584 47.84s-11.296 30.592-22.784 42.208l-54.176 54.176c60.736 106.816 149.184 195.264 256 256l54.176-54.176c11.584-11.488 26.24-19.392 42.208-22.784s32.544-2.144 47.84 3.584c38.72 14.432 78.944 24.48 119.904 29.856 20.736 2.912 39.648 13.376 53.184 29.344s20.704 36.352 20.192 57.28z"
        ],
        "attrs": [
          {
            "fill": "none",
            "strokeLinejoin": "round",
            "strokeLinecap": "round",
            "strokeMiterlimit": "4",
            "strokeWidth": 85.3344
          }
        ],
        "isMulticolor": false,
        "isMulticolor2": false,
        "grid": 0,
        "tags": [
          "phone"
        ],
        "colorPermutations": {
          "12522412241253146341": [
            {
              "s": 0
            }
          ]
        }
      },
      "attrs": [
        {
          "fill": "none",
          "strokeLinejoin": "round",
          "strokeLinecap": "round",
          "strokeMiterlimit": "4",
          "strokeWidth": 85.3344
        }
      ],
      "properties": {
        "order": 51,
        "id": 7,
        "name": "phone",
        "prevSize": 32
      },
      "setIdx": 0,
      "setId": 9,
      "iconIdx": 3
    },
    {
      "icon": {
        "paths": [
          "M349.088 768v-488.736l465.44 244.352-465.44 244.352z",
          "M1012.352 512c0 276.352-224.032 500.352-500.352 500.352s-500.352-224.032-500.352-500.352c0-276.352 224.032-500.352 500.352-500.352s500.352 224.032 500.352 500.352z"
        ],
        "attrs": [
          {},
          {
            "fill": "none",
            "stroke": "rgb(0, 0, 0)",
            "strokeLinejoin": "miter",
            "strokeLinecap": "butt",
            "strokeMiterlimit": "4",
            "strokeWidth": 23.2736
          }
        ],
        "isMulticolor": false,
        "isMulticolor2": true,
        "grid": 0,
        "tags": [
          "play"
        ],
        "colorPermutations": {
          "12522412241253146341": [
            {},
            {
              "s": 0
            }
          ]
        }
      },
      "attrs": [
        {},
        {
          "fill": "none",
          "stroke": "rgb(0, 0, 0)",
          "strokeLinejoin": "miter",
          "strokeLinecap": "butt",
          "strokeMiterlimit": "4",
          "strokeWidth": 23.2736
        }
      ],
      "properties": {
        "order": 52,
        "id": 6,
        "name": "play",
        "prevSize": 32
      },
      "setIdx": 0,
      "setId": 9,
      "iconIdx": 4
    },
    {
      "icon": {
        "paths": [
          "M918.944 344.192c-0.512-34.368-6.88-68.48-19.072-100.64-21.344-54.912-64.768-98.336-119.776-119.584-31.808-11.936-65.408-18.336-99.456-19.072-43.744-1.952-57.632-2.496-168.736-2.496s-125.312 0-168.768 2.496c-33.984 0.736-67.584 7.136-99.392 19.072-55.008 21.248-98.496 64.672-119.776 119.584-11.968 31.744-18.432 65.312-19.072 99.232-1.952 43.744-2.56 57.6-2.56 168.48s0 125.088 2.56 168.48c0.672 33.984 7.104 67.488 19.072 99.328 21.344 54.848 64.768 98.272 119.808 119.52 31.648 12.352 65.28 19.36 99.392 20.448 43.808 1.952 57.696 2.528 168.768 2.528s125.344 0 168.768-2.528c33.984-0.672 67.584-7.072 99.456-19.040 55.008-21.312 98.432-64.704 119.776-119.584 11.968-31.776 18.368-65.312 19.072-99.328 1.952-43.68 2.56-57.536 2.56-168.48-0.096-110.912-0.096-124.992-2.624-168.448zM511.68 720.992c-116.192 0-210.304-93.952-210.304-209.952s94.112-209.952 210.304-209.952c116.096 0 210.304 93.952 210.304 209.952s-94.208 209.952-210.304 209.952zM730.336 342.272c-27.168 0-49.024-21.888-49.024-48.96s21.888-48.96 49.024-48.96c27.072 0 48.992 21.888 48.992 48.96s-21.92 48.96-48.992 48.96z",
          "M511.744 639.232c70.752 0 128.128-57.376 128.128-128.128s-57.376-128.128-128.128-128.128c-70.752 0-128.128 57.376-128.128 128.128s57.376 128.128 128.128 128.128z"
        ],
        "attrs": [
          {},
          {}
        ],
        "isMulticolor": false,
        "isMulticolor2": false,
        "grid": 0,
        "tags": [
          "instagram"
        ],
        "colorPermutations": {
          "12522412241253146341": [
            {},
            {}
          ]
        }
      },
      "attrs": [
        {},
        {}
      ],
      "properties": {
        "order": 53,
        "id": 5,
        "name": "instagram",
        "prevSize": 32
      },
      "setIdx": 0,
      "setId": 9,
      "iconIdx": 5
    },
    {
      "icon": {
        "paths": [
          "M168.864 685.088l344.864-557.568 20.48-21.568 263.552 175.712 1.792 106.048 64.32 104.96-284.16 450.464-410.848-258.016z",
          "M692.32 764.16l-453.92-283.648M363.552 275.168l453.952 283.648M340.16 827.648l375.552-616M869.632 473.248c-97.28-60.768-135.488-108.288-72.896-210.944l-308.032-192.48-375.552 616 453.92 283.648 302.528-496.224z"
        ],
        "attrs": [
          {
            "fill": "rgb(252, 241, 224)"
          },
          {
            "fill": "none",
            "stroke": "rgb(253, 146, 34)",
            "strokeLinejoin": "round",
            "strokeLinecap": "round",
            "strokeMiterlimit": "4",
            "strokeWidth": 85.3344
          }
        ],
        "isMulticolor": false,
        "isMulticolor2": true,
        "grid": 0,
        "tags": [
          "logo-chocolate"
        ],
        "colorPermutations": {
          "12522412241253146341": [
            {
              "f": 2
            },
            {
              "s": 1
            }
          ]
        }
      },
      "attrs": [
        {
          "fill": "rgb(252, 241, 224)"
        },
        {
          "fill": "none",
          "stroke": "rgb(253, 146, 34)",
          "strokeLinejoin": "round",
          "strokeLinecap": "round",
          "strokeMiterlimit": "4",
          "strokeWidth": 85.3344
        }
      ],
      "properties": {
        "order": 54,
        "id": 4,
        "name": "logo-chocolate",
        "prevSize": 32
      },
      "setIdx": 0,
      "setId": 9,
      "iconIdx": 6
    },
    {
      "icon": {
        "paths": [
          "M170.656 170.656h682.656c46.944 0 85.344 38.4 85.344 85.344v512c0 46.944-38.4 85.344-85.344 85.344h-682.656c-46.944 0-85.344-38.4-85.344-85.344v-512c0-46.944 38.4-85.344 85.344-85.344z",
          "M938.656 256l-426.656 298.656-426.656-298.656"
        ],
        "attrs": [
          {
            "fill": "none",
            "strokeLinejoin": "round",
            "strokeLinecap": "round",
            "strokeMiterlimit": "4",
            "strokeWidth": 85.3344
          },
          {
            "fill": "none",
            "strokeLinejoin": "round",
            "strokeLinecap": "round",
            "strokeMiterlimit": "4",
            "strokeWidth": 85.3344
          }
        ],
        "isMulticolor": false,
        "isMulticolor2": false,
        "grid": 0,
        "tags": [
          "mail"
        ],
        "colorPermutations": {
          "12522412241253146341": [
            {
              "s": 0
            },
            {
              "s": 0
            }
          ]
        }
      },
      "attrs": [
        {
          "fill": "none",
          "strokeLinejoin": "round",
          "strokeLinecap": "round",
          "strokeMiterlimit": "4",
          "strokeWidth": 85.3344
        },
        {
          "fill": "none",
          "strokeLinejoin": "round",
          "strokeLinecap": "round",
          "strokeMiterlimit": "4",
          "strokeWidth": 85.3344
        }
      ],
      "properties": {
        "order": 55,
        "id": 3,
        "name": "mail",
        "prevSize": 32
      },
      "setIdx": 0,
      "setId": 9,
      "iconIdx": 7
    },
    {
      "icon": {
        "paths": [
          "M128 512h768M128 256h768M128 768h768"
        ],
        "attrs": [
          {
            "fill": "none",
            "strokeLinejoin": "round",
            "strokeLinecap": "round",
            "strokeMiterlimit": "4",
            "strokeWidth": 73.1424
          }
        ],
        "isMulticolor": false,
        "isMulticolor2": false,
        "grid": 0,
        "tags": [
          "menu"
        ],
        "colorPermutations": {
          "12522412241253146341": [
            {
              "s": 0
            }
          ]
        }
      },
      "attrs": [
        {
          "fill": "none",
          "strokeLinejoin": "round",
          "strokeLinecap": "round",
          "strokeMiterlimit": "4",
          "strokeWidth": 73.1424
        }
      ],
      "properties": {
        "order": 56,
        "id": 2,
        "name": "menu",
        "prevSize": 32
      },
      "setIdx": 0,
      "setId": 9,
      "iconIdx": 8
    },
    {
      "icon": {
        "paths": [
          "M624.64 148.48c7.68 0 15.36 0 30.72 0v115.2c-7.68 0-23.040 0-38.4 0s-30.72 0-38.4 7.68c-7.68 7.68-7.68 15.36-7.68 33.28 0 15.36 0 25.6 0 40.96h84.48v97.28h-84.48v422.4h-130.56v-424.96h-69.12v-97.28h69.12v-33.28c0-56.32 7.68-97.28 23.040-115.2 23.040-33.28 69.12-48.64 138.24-48.64 7.68 2.56 15.36 2.56 23.040 2.56z"
        ],
        "attrs": [
          {}
        ],
        "isMulticolor": false,
        "isMulticolor2": false,
        "grid": 0,
        "tags": [
          "facebook"
        ],
        "colorPermutations": {
          "12522412241253146341": [
            {}
          ]
        }
      },
      "attrs": [
        {}
      ],
      "properties": {
        "order": 57,
        "id": 1,
        "name": "facebook",
        "prevSize": 32
      },
      "setIdx": 0,
      "setId": 9,
      "iconIdx": 9
    },
    {
      "icon": {
        "paths": [
          "M126.205 642.414l344.859-557.574 20.476-21.571 263.548 175.717 1.804 106.038 64.317 104.946-284.15 450.448-410.854-258.004z",
          "M692.302 764.138l-453.935-283.65M363.547 275.152l453.937 283.65M340.156 827.65l375.537-616.009M869.639 473.246c-97.27-60.783-135.475-108.285-72.884-210.953l-308.029-192.478-375.538 616.011 453.938 283.648 302.514-496.228z"
        ],
        "attrs": [
          {
            "fill": "rgb(252, 241, 224)"
          },
          {
            "fill": "none",
            "stroke": "rgb(253, 146, 34)",
            "strokeLinejoin": "round",
            "strokeLinecap": "round",
            "strokeMiterlimit": "4",
            "strokeWidth": 87.77142857142857
          }
        ],
        "isMulticolor": false,
        "isMulticolor2": true,
        "grid": 0,
        "tags": [
          "favicon"
        ],
        "colorPermutations": {
          "12522412241253146341": [
            {
              "f": 2
            },
            {
              "s": 1
            }
          ]
        }
      },
      "attrs": [
        {
          "fill": "rgb(252, 241, 224)"
        },
        {
          "fill": "none",
          "stroke": "rgb(253, 146, 34)",
          "strokeLinejoin": "round",
          "strokeLinecap": "round",
          "strokeMiterlimit": "4",
          "strokeWidth": 87.77142857142857
        }
      ],
      "properties": {
        "order": 58,
        "id": 0,
        "name": "favicon",
        "prevSize": 32
      },
      "setIdx": 0,
      "setId": 9,
      "iconIdx": 10
    },
    {
      "icon": {
        "paths": [
          "M512 24.384c-268.192 0-487.616 219.424-487.616 487.616s219.424 487.616 487.616 487.616c268.192 0 487.616-219.424 487.616-487.616s-219.424-487.616-487.616-487.616zM512 902.080c-214.56 0-390.080-175.552-390.080-390.080s175.552-390.112 390.080-390.112c214.56 0 390.080 175.552 390.080 390.112s-175.552 390.080-390.112 390.080z",
          "M575.392 463.232h-126.784c-24.384 0-43.872-19.52-43.872-43.872s19.52-43.872 43.872-43.872h180.416c29.248 0 48.768-19.52 48.768-48.768s-19.52-48.768-48.768-48.768h-68.256v-43.872c0-29.248-19.52-48.768-48.768-48.768s-48.768 19.52-48.768 48.768v43.872h-14.624c-78.016 0-141.408 63.392-141.408 141.408s63.392 141.408 141.408 141.408h121.888c24.384 0 43.872 19.52 43.872 43.872s-19.52 43.872-43.872 43.872h-180.416c-29.248 0-48.768 19.52-48.768 48.768s19.52 48.768 48.768 48.768h73.152v43.872c0 29.248 19.52 48.768 48.768 48.768s48.768-19.52 48.768-48.768v-43.872h14.624c78.016 0 141.408-63.392 141.408-141.408s-63.392-141.408-141.408-141.408z"
        ],
        "attrs": [
          {
            "fill": "rgb(253, 146, 34)"
          },
          {
            "fill": "rgb(253, 146, 34)"
          }
        ],
        "isMulticolor": false,
        "isMulticolor2": false,
        "grid": 0,
        "tags": [
          "coin"
        ],
        "colorPermutations": {
          "17171712531463412552552551": [
            {
              "f": 1
            },
            {
              "f": 1
            }
          ]
        }
      },
      "attrs": [
        {
          "fill": "rgb(253, 146, 34)"
        },
        {
          "fill": "rgb(253, 146, 34)"
        }
      ],
      "properties": {
        "order": 59,
        "id": 5,
        "name": "coin",
        "prevSize": 32
      },
      "setIdx": 1,
      "setId": 7,
      "iconIdx": 0
    },
    {
      "icon": {
        "paths": [
          "M307.2 0h409.6c169.664 0 307.2 137.536 307.2 307.2v409.6c0 169.664-137.536 307.2-307.2 307.2h-409.6c-169.664 0-307.2-137.536-307.2-307.2v-409.6c0-169.664 137.536-307.2 307.2-307.2z",
          "M458.176 755.424c22.304 0 39.2-8.576 50.624-25.696l247.168-372.48c4.096-6.080 7.136-12.064 9.12-17.952 1.952-6.080 2.944-11.872 2.944-17.408 0-15.36-5.344-28.032-16.064-38.016-10.528-10.176-23.552-15.264-39.104-15.264-10.72 0-19.808 2.144-27.328 6.432-7.328 4.096-14.272 11.232-20.896 21.408l-207.52 325.888-103.904-124.512c-11.232-13.024-25.344-19.552-42.304-19.552-15.904 0-29.024 5.088-39.36 15.264s-15.52 22.944-15.52 38.304c0 6.976 1.056 13.568 3.2 19.808 2.336 6.080 6.528 12.416 12.576 19.008l137.92 162.56c12.672 14.816 28.832 22.24 48.48 22.24z"
        ],
        "attrs": [
          {
            "fill": "rgb(253, 146, 34)"
          },
          {
            "fill": "rgb(255, 255, 255)"
          }
        ],
        "isMulticolor": true,
        "isMulticolor2": false,
        "grid": 0,
        "tags": [
          "checkbox"
        ],
        "colorPermutations": {
          "17171712531463412552552551": [
            {
              "f": 1
            },
            {
              "f": 2
            }
          ]
        }
      },
      "attrs": [
        {
          "fill": "rgb(253, 146, 34)"
        },
        {
          "fill": "rgb(255, 255, 255)"
        }
      ],
      "properties": {
        "order": 60,
        "id": 4,
        "name": "checkbox",
        "prevSize": 32
      },
      "setIdx": 1,
      "setId": 7,
      "iconIdx": 1
    },
    {
      "icon": {
        "paths": [
          "M442.304 77.216l240.864 241.152 2.56-2.56c5.056-4.928 11.808-7.744 18.848-7.808s13.888 2.56 19.040 7.392l27.936 27.936c9.76 9.76 10.080 24.64 2.656 35.008l-0.128 0.224-4.576 6.144 197.12 197.12c17.6 17.6 17.6 45.76 0 63.36l-301.76 301.76c-17.6 17.6-45.76 17.6-63.36 0l-142.304-142.304c-2.368 2.976-5.344 5.408-8.704 7.168s-7.072 2.752-10.88 2.976c-3.808 0.224-7.584-0.384-11.136-1.728s-6.784-3.456-9.472-6.144l-83.2-83.2c-4.928-5.056-7.744-11.808-7.808-18.848s2.56-13.888 7.392-19.040l0.192-0.224 2.464-2.432-240.864-240.864c-17.6-17.6-17.6-45.76 0-63.36l301.76-301.76c17.6-17.6 45.76-17.6 63.36 0v0.032zM652.928 348.576l-56.192-56.16c-1.76-1.824-3.872-3.264-6.208-4.256s-4.832-1.504-7.392-1.504c-2.528 0-5.056 0.512-7.392 1.504s-4.448 2.432-6.208 4.256l-114.56 114.56c-1.824 1.792-3.264 3.936-4.224 6.304s-1.504 4.896-1.504 7.456 0.512 5.088 1.504 7.456c0.992 2.368 2.432 4.512 4.224 6.304l55.968 55.968 19.52-19.52-50.080-50.080 102.72-103.040 50.208 50.368 19.616-19.616zM490.496 510.88l-56.128-56.128c-1.76-1.824-3.872-3.264-6.208-4.256s-4.864-1.504-7.392-1.504c-2.528 0-5.056 0.512-7.392 1.504s-4.448 2.432-6.208 4.256l-114.88 114.88c-7.68 7.36-7.68 19.52 0 27.2l56.064 56.064 19.712-19.712-50.24-50.048 103.040-102.72 50.048 50.016 19.584-19.552zM282.304 262.176l114.56 114.56c7.68 7.68 19.84 7.68 27.2-0.32l114.56-114.56c1.824-1.728 3.264-3.808 4.256-6.144s1.504-4.8 1.504-7.296h0.32c0-4.8-1.92-9.92-5.76-13.76l-114.56-114.56c-1.792-1.824-3.936-3.264-6.304-4.256s-4.896-1.504-7.456-1.504c-2.56 0-5.088 0.512-7.456 1.504s-4.512 2.432-6.304 4.256l-114.56 114.88c-7.68 7.36-7.68 19.52 0 27.2zM120.064 424.416l114.56 114.56c7.68 7.68 19.84 7.68 27.2 0l114.56-114.56c1.856-1.76 3.328-3.904 4.32-6.272s1.472-4.928 1.44-7.488h0.32c0-5.12-1.92-9.92-5.76-13.76l-114.56-114.56c-1.76-1.824-3.872-3.264-6.208-4.256s-4.832-1.504-7.392-1.504c-2.528 0-5.056 0.512-7.392 1.504s-4.448 2.432-6.208 4.256l-114.88 114.88c-7.68 7.36-7.68 19.52 0 27.2zM341.92 704.544l75.584 75.616 308.352-417.28-20.96-20.96-362.976 362.624z",
          "M442.304 77.216l240.864 241.152 2.56-2.56c5.056-4.928 11.808-7.744 18.848-7.808s13.888 2.56 19.040 7.392l27.936 27.936c9.76 9.76 10.080 24.64 2.656 35.008l-0.128 0.224-4.576 6.144 197.12 197.12c17.6 17.6 17.6 45.76 0 63.36l-301.76 301.76c-17.6 17.6-45.76 17.6-63.36 0l-142.304-142.304c-2.368 2.976-5.344 5.408-8.704 7.168s-7.072 2.752-10.88 2.976c-3.808 0.224-7.584-0.384-11.136-1.728s-6.784-3.456-9.472-6.144l-83.2-83.2c-4.928-5.056-7.744-11.808-7.808-18.848s2.56-13.888 7.392-19.040l0.192-0.224 2.464-2.432-240.864-240.864c-17.6-17.6-17.6-45.76 0-63.36l301.76-301.76c17.6-17.6 45.76-17.6 63.36 0v0.032zM652.928 348.576l-56.192-56.16c-1.76-1.824-3.872-3.264-6.208-4.256s-4.832-1.504-7.392-1.504c-2.528 0-5.056 0.512-7.392 1.504s-4.448 2.432-6.208 4.256l-114.56 114.56c-1.824 1.792-3.264 3.936-4.224 6.304s-1.504 4.896-1.504 7.456 0.512 5.088 1.504 7.456c0.992 2.368 2.432 4.512 4.224 6.304l55.968 55.968 19.52-19.52-50.080-50.080 102.72-103.040 50.208 50.368 19.616-19.616zM490.496 510.88l-56.128-56.128c-1.76-1.824-3.872-3.264-6.208-4.256s-4.864-1.504-7.392-1.504c-2.528 0-5.056 0.512-7.392 1.504s-4.448 2.432-6.208 4.256l-114.88 114.88c-7.68 7.36-7.68 19.52 0 27.2l56.064 56.064 19.712-19.712-50.24-50.048 103.040-102.72 50.048 50.016 19.584-19.552zM282.304 262.176l114.56 114.56c7.68 7.68 19.84 7.68 27.2-0.32l114.56-114.56c1.824-1.728 3.264-3.808 4.256-6.144s1.504-4.8 1.504-7.296h0.32c0-4.8-1.92-9.92-5.76-13.76l-114.56-114.56c-1.792-1.824-3.936-3.264-6.304-4.256s-4.896-1.504-7.456-1.504c-2.56 0-5.088 0.512-7.456 1.504s-4.512 2.432-6.304 4.256l-114.56 114.88c-7.68 7.36-7.68 19.52 0 27.2zM120.064 424.416l114.56 114.56c7.68 7.68 19.84 7.68 27.2 0l114.56-114.56c1.856-1.76 3.328-3.904 4.32-6.272s1.472-4.928 1.44-7.488h0.32c0-5.12-1.92-9.92-5.76-13.76l-114.56-114.56c-1.76-1.824-3.872-3.264-6.208-4.256s-4.832-1.504-7.392-1.504c-2.528 0-5.056 0.512-7.392 1.504s-4.448 2.432-6.208 4.256l-114.88 114.88c-7.68 7.36-7.68 19.52 0 27.2zM341.92 704.544l75.584 75.616 308.352-417.28-20.96-20.96-362.976 362.624z"
        ],
        "attrs": [
          {
            "fill": "rgb(17, 17, 17)"
          },
          {
            "fill": "rgb(253, 146, 34)"
          }
        ],
        "isMulticolor": true,
        "isMulticolor2": false,
        "grid": 0,
        "tags": [
          "chocolate"
        ],
        "colorPermutations": {
          "17171712531463412552552551": [
            {
              "f": 0
            },
            {
              "f": 1
            }
          ]
        }
      },
      "attrs": [
        {
          "fill": "rgb(17, 17, 17)"
        },
        {
          "fill": "rgb(253, 146, 34)"
        }
      ],
      "properties": {
        "order": 61,
        "id": 3,
        "name": "chocolate",
        "prevSize": 32
      },
      "setIdx": 1,
      "setId": 7,
      "iconIdx": 2
    },
    {
      "icon": {
        "paths": [
          "M938.656 85.344l-853.344 853.344M85.312 85.344l853.344 853.344"
        ],
        "attrs": [
          {
            "fill": "none",
            "strokeLinejoin": "round",
            "strokeLinecap": "round",
            "strokeMiterlimit": "4",
            "strokeWidth": 146.2848
          }
        ],
        "isMulticolor": false,
        "isMulticolor2": false,
        "grid": 0,
        "tags": [
          "close"
        ],
        "colorPermutations": {
          "17171712531463412552552551": [
            {
              "s": 0
            }
          ]
        }
      },
      "attrs": [
        {
          "fill": "none",
          "strokeLinejoin": "round",
          "strokeLinecap": "round",
          "strokeMiterlimit": "4",
          "strokeWidth": 146.2848
        }
      ],
      "properties": {
        "order": 62,
        "id": 2,
        "name": "close",
        "prevSize": 32
      },
      "setIdx": 1,
      "setId": 7,
      "iconIdx": 3
    },
    {
      "icon": {
        "paths": [
          "M542.304 571.744c-3.968 4-8.672 7.168-13.888 9.344s-10.784 3.296-16.416 3.296-11.2-1.12-16.416-3.296c-5.184-2.176-9.92-5.344-13.888-9.344l-195.424-195.84c-3.968-4-8.672-7.168-13.888-9.344s-10.784-3.296-16.416-3.296c-5.632 0-11.2 1.12-16.416 3.296s-9.92 5.344-13.888 9.344c-7.936 8-12.416 18.816-12.416 30.080s4.448 22.080 12.416 30.080l195.84 195.84c24 23.968 56.544 37.44 90.464 37.44s66.464-13.472 90.464-37.44l195.84-195.84c7.872-7.936 12.32-18.688 12.384-29.856 0.032-5.6-1.056-11.168-3.168-16.384s-5.248-9.92-9.216-13.92c-3.968-4-8.672-7.168-13.888-9.344s-10.784-3.296-16.416-3.296-11.2 1.12-16.416 3.296c-5.184 2.176-9.92 5.344-13.888 9.344l-195.424 195.84z"
        ],
        "attrs": [
          {}
        ],
        "isMulticolor": false,
        "isMulticolor2": false,
        "grid": 0,
        "tags": [
          "arrow-downt"
        ],
        "colorPermutations": {
          "17171712531463412552552551": [
            {}
          ]
        }
      },
      "attrs": [
        {}
      ],
      "properties": {
        "order": 63,
        "id": 1,
        "name": "arrow-downt",
        "prevSize": 32
      },
      "setIdx": 1,
      "setId": 7,
      "iconIdx": 4
    },
    {
      "icon": {
        "paths": [
          "M292.576 512h438.848M731.424 512l-109.728-109.728M731.424 512l-109.728 109.728",
          "M512 987.424c262.56 0 475.424-212.864 475.424-475.424s-212.864-475.424-475.424-475.424c-262.56 0-475.424 212.864-475.424 475.424s212.864 475.424 475.424 475.424z"
        ],
        "attrs": [
          {
            "fill": "none",
            "strokeLinejoin": "round",
            "strokeLinecap": "round",
            "strokeMiterlimit": "4",
            "strokeWidth": 42.6656
          },
          {
            "fill": "none",
            "strokeLinejoin": "round",
            "strokeLinecap": "round",
            "strokeMiterlimit": "4",
            "strokeWidth": 42.6656
          }
        ],
        "isMulticolor": false,
        "isMulticolor2": false,
        "grid": 0,
        "tags": [
          "arrow-right"
        ],
        "colorPermutations": {
          "17171712531463412552552551": [
            {},
            {}
          ]
        }
      },
      "attrs": [
        {
          "fill": "none",
          "strokeLinejoin": "round",
          "strokeLinecap": "round",
          "strokeMiterlimit": "4",
          "strokeWidth": 42.6656
        },
        {
          "fill": "none",
          "strokeLinejoin": "round",
          "strokeLinecap": "round",
          "strokeMiterlimit": "4",
          "strokeWidth": 42.6656
        }
      ],
      "properties": {
        "order": 64,
        "id": 0,
        "name": "arrow-right",
        "prevSize": 32
      },
      "setIdx": 1,
      "setId": 7,
      "iconIdx": 5
    }
  ],
  "height": 1024,
  "preferences": {
    "showGlyphs": true,
    "showQuickUse": true,
    "showQuickUse2": true,
    "showSVGs": true,
    "fontPref": {
      "prefix": "icon-",
      "metadata": {
        "fontFamily": "icomoon"
      },
      "metrics": {
        "emSize": 1024,
        "baseline": 6.25,
        "whitespace": 50
      },
      "embed": false
    },
    "imagePref": {
      "prefix": "icon-",
      "png": true,
      "useClassSelector": true,
      "color": 0,
      "bgColor": 16777215,
      "classSelector": ".icon",
      "name": "icomoon",
      "height": 32,
      "columns": 16,
      "margin": 16
    },
    "historySize": 50,
    "showCodes": true,
    "gridSize": 16
  }
}